{"stats":{"minecraft:custom":{"minecraft:interact_with_furnace":1,"minecraft:mob_kills":11,"minecraft:play_record":2,"minecraft:interact_with_crafting_table":5,"minecraft:damage_dealt_resisted":18,"minecraft:eat_cake_slice":3,"minecraft:interact_with_stonecutter":1,"minecraft:leave_game":3,"minecraft:time_since_death":62163,"minecraft:sleep_in_bed":1,"minecraft:climb_one_cm":845,"minecraft:time_since_rest":48129,"minecraft:waystone_activated":1,"minecraft:sprint_one_cm":76571,"minecraft:damage_taken":1535,"minecraft:walk_one_cm":134275,"minecraft:trigger_trapped_chest":4,"minecraft:drop":19,"minecraft:damage_dealt":4096,"minecraft:fly_one_cm":102398,"minecraft:open_chest":33,"minecraft:crouch_one_cm":870,"minecraft:play_time":76035,"tombstone:undead_killed":5,"minecraft:deaths":3,"minecraft:sneak_time":904,"minecraft:jump":368,"minecraft:walk_on_water_one_cm":18,"minecraft:total_world_time":76035,"minecraft:fall_one_cm":7621},"minecraft:picked_up":{"simplyswords:iron_claymore":1,"minecraft:oak_log":6,"minecraft:string":11,"immersive_aircraft:biplane":1,"minecraft:red_carpet":4,"minecraft:bone":1,"minecraft:cyan_carpet":3,"minecraft:cracked_stone_bricks":1,"luminousworld:blizzard":4,"minecraft:oak_planks":6,"minecraft:book":18,"minecraft:torch":2,"tombstone:grave_dust":4,"minecraft:pointed_dripstone":1,"minecraft:polished_andesite":2,"minecraft:arrow":12,"minecraft:rotten_flesh":20,"skilltree:quiver":3,"minecraft:oak_sapling":1,"minecraft:coal":4,"minecraft:iron_bars":4,"minecraft:cobblestone":23},"minecraft:used":{"simplyswords:iron_claymore":26,"minecraft:stone_pickaxe":39,"minecraft:polished_andesite":2,"minecraft:baked_potato":4,"minecraft:oak_planks":24,"minecraft:chest":1,"minecraft:stone":53,"minecraft:cooked_chicken":1,"minecraft:cracked_stone_bricks":1,"minecraft:torch":49,"minecraft:golden_apple":1,"spartanweaponry:wooden_longbow":1,"minecraft:crafting_table":1,"minecraft:carrot":2,"horror_element_mod:human_remains":4,"minecraft:grass_block":6,"minecraft:cyan_carpet":3,"minecraft:stone_axe":54,"minecraft:red_carpet":4,"minecraft:cobblestone":20,"minecraft:bow":2,"spartanweaponry:stone_throwing_knife":3,"minecraft:oak_sapling":1,"minecraft:cooked_porkchop":1,"tombstone:gift":1,"immersive_aircraft:biplane":2,"minecraft:cooked_beef":3,"luminousworld:blizzard":2,"minecraft:cobweb":6},"minecraft:dropped":{"minecraft:stone_axe":3,"alexsmobs:animal_dictionary":1,"minecraft:glass_bottle":3,"minecraft:rotten_flesh":8,"alexsmobs:ancient_dart":1,"skilltree:quiver":3,"minecraft:gunpowder":4,"tombstone:grave_dust":5,"minecraft:iron_bars":4,"minecraft:arrow":10,"minecraft:wooden_pickaxe":1,"luminousworld:blizzard":1,"simplyswords:iron_claymore":1},"minecraft:mined":{"minecraft:powder_snow":16,"minecraft:torch":1,"minecraft:cobblestone":15,"minecraft:oak_planks":3,"horror_element_mod:human_remains":4,"minecraft:oak_log":6,"minecraft:bookshelf":6,"minecraft:coal_ore":4,"minecraft:iron_bars":4,"minecraft:cobweb":6,"minecraft:stone":11,"minecraft:polished_andesite":2,"minecraft:oak_leaves":1},"minecraft:killed":{"luminousworld:frost_golem":2,"minecraft:spider":4,"minecraft:skeleton":2,"minecraft:zombie":3},"minecraft:crafted":{"minecraft:oak_planks":88,"minecraft:crafting_table":1,"simplyswords:iron_katana":1,"spartanweaponry:handle":2,"spartanweaponry:stone_throwing_knife":1,"minecraft:bow":1,"minecraft:stick":4,"spartanweaponry:wooden_longbow":1,"minecraft:chest":1,"minecraft:torch":8}},"DataVersion":3465}